Study ID,Study Name,Study Description,Study Contact,Line ID,Line Name,Line Description,Control,Strain(s),Carbon Source(s),Line Experimenter,Line Contact,Culture Volume,Growth temperature,Media,Protocol ID,Protocol Name,Assay ID,Assay Name,Type,Formal Type ID,Measurement Updated,X Units,Y Units,41.0
146863,Combinatorial media for flaviolin DBTL0.1,"<p>Samples of 1500uL volume were cultured in an mp2flower plate in the biolector, at 85% humidity, shaking speed 800rpm.&nbsp;</p>",TRadivojevic@lbl.gov,146864,C0.1_WA1_biomek-R1,"MOPS: 40.0000, Tricine: 4.0000, H3BO3: 0.0040, Glucose: 20.0000, K2SO4: 0.2900, K2HPO4: 1.3200, FeSO4: 0.0100, NH4Cl: 9.5200, MgCl2: 0.5200, NaCl: 50.0000, (NH4)6Mo7O24: 0.0000, CoCl2: 0.0003, CuSO4: 0.0001, MnSO4: 0.0008, ZnSO4: 0.0001",F,,,,,15,30,MOPS,1924,OD600,146913,C0.1_WA1_biomek-R1,Optical Density,,2021-08-25 22:03:27.550586+00:00,hours,,0.344
146863,Combinatorial media for flaviolin DBTL0.1,"<p>Samples of 1500uL volume were cultured in an mp2flower plate in the biolector, at 85% humidity, shaking speed 800rpm.&nbsp;</p>",TRadivojevic@lbl.gov,146865,C0.1_WB1_biomek-R2,"MOPS: 40.0000, Tricine: 4.0000, H3BO3: 0.0040, Glucose: 20.0000, K2SO4: 0.2900, K2HPO4: 1.3200, FeSO4: 0.0100, NH4Cl: 9.5200, MgCl2: 0.5200, NaCl: 50.0000, (NH4)6Mo7O24: 0.0000, CoCl2: 0.0003, CuSO4: 0.0001, MnSO4: 0.0008, ZnSO4: 0.0001",F,,,,,15,30,MOPS,1924,OD600,146914,C0.1_WB1_biomek-R2,Optical Density,,2021-08-25 22:03:27.704212+00:00,hours,,0.244
146863,Combinatorial media for flaviolin DBTL0.1,"<p>Samples of 1500uL volume were cultured in an mp2flower plate in the biolector, at 85% humidity, shaking speed 800rpm.&nbsp;</p>",TRadivojevic@lbl.gov,146866,C0.1_WC1_biomek-R3,"MOPS: 40.0000, Tricine: 4.0000, H3BO3: 0.0040, Glucose: 20.0000, K2SO4: 0.2900, K2HPO4: 1.3200, FeSO4: 0.0100, NH4Cl: 9.5200, MgCl2: 0.5200, NaCl: 50.0000, (NH4)6Mo7O24: 0.0000, CoCl2: 0.0003, CuSO4: 0.0001, MnSO4: 0.0008, ZnSO4: 0.0001",F,,,,,15,30,MOPS,1924,OD600,146915,C0.1_WC1_biomek-R3,Optical Density,,2021-08-25 22:03:27.715365+00:00,hours,,0.285
146863,Combinatorial media for flaviolin DBTL0.1,"<p>Samples of 1500uL volume were cultured in an mp2flower plate in the biolector, at 85% humidity, shaking speed 800rpm.&nbsp;</p>",TRadivojevic@lbl.gov,146867,C0.1_WD1_biomek-R4,"MOPS: 40.0000, Tricine: 4.0000, H3BO3: 0.0040, Glucose: 20.0000, K2SO4: 0.2900, K2HPO4: 1.3200, FeSO4: 0.0100, NH4Cl: 9.5200, MgCl2: 0.5200, NaCl: 50.0000, (NH4)6Mo7O24: 0.0000, CoCl2: 0.0003, CuSO4: 0.0001, MnSO4: 0.0008, ZnSO4: 0.0001",F,,,,,15,30,MOPS,1924,OD600,146916,C0.1_WD1_biomek-R4,Optical Density,,2021-08-25 22:03:27.725891+00:00,hours,,0.0
146863,Combinatorial media for flaviolin DBTL0.1,"<p>Samples of 1500uL volume were cultured in an mp2flower plate in the biolector, at 85% humidity, shaking speed 800rpm.&nbsp;</p>",TRadivojevic@lbl.gov,146868,C0.1_WE1_biomek-R5,"MOPS: 40.0000, Tricine: 4.0000, H3BO3: 0.0040, Glucose: 20.0000, K2SO4: 0.2900, K2HPO4: 1.3200, FeSO4: 0.0100, NH4Cl: 9.5200, MgCl2: 0.5200, NaCl: 50.0000, (NH4)6Mo7O24: 0.0000, CoCl2: 0.0003, CuSO4: 0.0001, MnSO4: 0.0008, ZnSO4: 0.0001",F,,,,,15,30,MOPS,1924,OD600,146917,C0.1_WE1_biomek-R5,Optical Density,,2021-08-25 22:03:27.736747+00:00,hours,,0.113
146863,Combinatorial media for flaviolin DBTL0.1,"<p>Samples of 1500uL volume were cultured in an mp2flower plate in the biolector, at 85% humidity, shaking speed 800rpm.&nbsp;</p>",TRadivojevic@lbl.gov,146869,C0.1_WF1_biomek-R6,"MOPS: 40.0000, Tricine: 4.0000, H3BO3: 0.0040, Glucose: 20.0000, K2SO4: 0.2900, K2HPO4: 1.3200, FeSO4: 0.0100, NH4Cl: 9.5200, MgCl2: 0.5200, NaCl: 50.0000, (NH4)6Mo7O24: 0.0000, CoCl2: 0.0003, CuSO4: 0.0001, MnSO4: 0.0008, ZnSO4: 0.0001",F,,,,,15,30,MOPS,1924,OD600,146918,C0.1_WF1_biomek-R6,Optical Density,,2021-08-25 22:03:27.749590+00:00,hours,,0.124
146863,Combinatorial media for flaviolin DBTL0.1,"<p>Samples of 1500uL volume were cultured in an mp2flower plate in the biolector, at 85% humidity, shaking speed 800rpm.&nbsp;</p>",TRadivojevic@lbl.gov,146870,C0.1_WA2_biomek-R7,"MOPS: 40.0000, Tricine: 4.0000, H3BO3: 0.0040, Glucose: 20.0000, K2SO4: 0.2900, K2HPO4: 1.3200, FeSO4: 0.0100, NH4Cl: 9.5200, MgCl2: 0.5200, NaCl: 50.0000, (NH4)6Mo7O24: 0.0000, CoCl2: 0.0003, CuSO4: 0.0001, MnSO4: 0.0008, ZnSO4: 0.0001",F,,,,,15,30,MOPS,1924,OD600,146919,C0.1_WA2_biomek-R7,Optical Density,,2021-08-25 22:03:27.760671+00:00,hours,,0.315
146863,Combinatorial media for flaviolin DBTL0.1,"<p>Samples of 1500uL volume were cultured in an mp2flower plate in the biolector, at 85% humidity, shaking speed 800rpm.&nbsp;</p>",TRadivojevic@lbl.gov,146871,C0.1_WB2_biomek-R8,"MOPS: 40.0000, Tricine: 4.0000, H3BO3: 0.0040, Glucose: 20.0000, K2SO4: 0.2900, K2HPO4: 1.3200, FeSO4: 0.0100, NH4Cl: 9.5200, MgCl2: 0.5200, NaCl: 50.0000, (NH4)6Mo7O24: 0.0000, CoCl2: 0.0003, CuSO4: 0.0001, MnSO4: 0.0008, ZnSO4: 0.0001",F,,,,,15,30,MOPS,1924,OD600,146920,C0.1_WB2_biomek-R8,Optical Density,,2021-08-25 22:03:27.773804+00:00,hours,,0.262
146863,Combinatorial media for flaviolin DBTL0.1,"<p>Samples of 1500uL volume were cultured in an mp2flower plate in the biolector, at 85% humidity, shaking speed 800rpm.&nbsp;</p>",TRadivojevic@lbl.gov,146872,C0.1_WC2_biomek-R9,"MOPS: 40.0000, Tricine: 4.0000, H3BO3: 0.0040, Glucose: 20.0000, K2SO4: 0.2900, K2HPO4: 1.3200, FeSO4: 0.0100, NH4Cl: 9.5200, MgCl2: 0.5200, NaCl: 50.0000, (NH4)6Mo7O24: 0.0000, CoCl2: 0.0003, CuSO4: 0.0001, MnSO4: 0.0008, ZnSO4: 0.0001",F,,,,,15,30,MOPS,1924,OD600,146921,C0.1_WC2_biomek-R9,Optical Density,,2021-08-25 22:03:27.785468+00:00,hours,,0.253
146863,Combinatorial media for flaviolin DBTL0.1,"<p>Samples of 1500uL volume were cultured in an mp2flower plate in the biolector, at 85% humidity, shaking speed 800rpm.&nbsp;</p>",TRadivojevic@lbl.gov,146873,C0.1_WD2_biomek-R10,"MOPS: 40.0000, Tricine: 4.0000, H3BO3: 0.0040, Glucose: 20.0000, K2SO4: 0.2900, K2HPO4: 1.3200, FeSO4: 0.0100, NH4Cl: 9.5200, MgCl2: 0.5200, NaCl: 50.0000, (NH4)6Mo7O24: 0.0000, CoCl2: 0.0003, CuSO4: 0.0001, MnSO4: 0.0008, ZnSO4: 0.0001",F,,,,,15,30,MOPS,1924,OD600,146922,C0.1_WD2_biomek-R10,Optical Density,,2021-08-25 22:03:27.798239+00:00,hours,,0.0
146863,Combinatorial media for flaviolin DBTL0.1,"<p>Samples of 1500uL volume were cultured in an mp2flower plate in the biolector, at 85% humidity, shaking speed 800rpm.&nbsp;</p>",TRadivojevic@lbl.gov,146874,C0.1_WE2_biomek-R11,"MOPS: 40.0000, Tricine: 4.0000, H3BO3: 0.0040, Glucose: 20.0000, K2SO4: 0.2900, K2HPO4: 1.3200, FeSO4: 0.0100, NH4Cl: 9.5200, MgCl2: 0.5200, NaCl: 50.0000, (NH4)6Mo7O24: 0.0000, CoCl2: 0.0003, CuSO4: 0.0001, MnSO4: 0.0008, ZnSO4: 0.0001",F,,,,,15,30,MOPS,1924,OD600,146923,C0.1_WE2_biomek-R11,Optical Density,,2021-08-25 22:03:27.816475+00:00,hours,,0.073
146863,Combinatorial media for flaviolin DBTL0.1,"<p>Samples of 1500uL volume were cultured in an mp2flower plate in the biolector, at 85% humidity, shaking speed 800rpm.&nbsp;</p>",TRadivojevic@lbl.gov,146875,C0.1_WF2_biomek-R12,"MOPS: 40.0000, Tricine: 4.0000, H3BO3: 0.0040, Glucose: 20.0000, K2SO4: 0.2900, K2HPO4: 1.3200, FeSO4: 0.0100, NH4Cl: 9.5200, MgCl2: 0.5200, NaCl: 50.0000, (NH4)6Mo7O24: 0.0000, CoCl2: 0.0003, CuSO4: 0.0001, MnSO4: 0.0008, ZnSO4: 0.0001",F,,,,,15,30,MOPS,1924,OD600,146924,C0.1_WF2_biomek-R12,Optical Density,,2021-08-25 22:03:27.829074+00:00,hours,,0.0
146863,Combinatorial media for flaviolin DBTL0.1,"<p>Samples of 1500uL volume were cultured in an mp2flower plate in the biolector, at 85% humidity, shaking speed 800rpm.&nbsp;</p>",TRadivojevic@lbl.gov,146876,C0.1_WA3_biomek-R13,"MOPS: 40.0000, Tricine: 4.0000, H3BO3: 0.0040, Glucose: 20.0000, K2SO4: 0.2900, K2HPO4: 1.3200, FeSO4: 0.0100, NH4Cl: 9.5200, MgCl2: 0.5200, NaCl: 50.0000, (NH4)6Mo7O24: 0.0000, CoCl2: 0.0003, CuSO4: 0.0001, MnSO4: 0.0008, ZnSO4: 0.0001",F,,,,,15,30,MOPS,1924,OD600,146925,C0.1_WA3_biomek-R13,Optical Density,,2021-08-25 22:03:27.842450+00:00,hours,,0.294
146863,Combinatorial media for flaviolin DBTL0.1,"<p>Samples of 1500uL volume were cultured in an mp2flower plate in the biolector, at 85% humidity, shaking speed 800rpm.&nbsp;</p>",TRadivojevic@lbl.gov,146877,C0.1_WB3_biomek-R14,"MOPS: 40.0000, Tricine: 4.0000, H3BO3: 0.0040, Glucose: 20.0000, K2SO4: 0.2900, K2HPO4: 1.3200, FeSO4: 0.0100, NH4Cl: 9.5200, MgCl2: 0.5200, NaCl: 50.0000, (NH4)6Mo7O24: 0.0000, CoCl2: 0.0003, CuSO4: 0.0001, MnSO4: 0.0008, ZnSO4: 0.0001",F,,,,,15,30,MOPS,1924,OD600,146926,C0.1_WB3_biomek-R14,Optical Density,,2021-08-25 22:03:27.853818+00:00,hours,,0.0
146863,Combinatorial media for flaviolin DBTL0.1,"<p>Samples of 1500uL volume were cultured in an mp2flower plate in the biolector, at 85% humidity, shaking speed 800rpm.&nbsp;</p>",TRadivojevic@lbl.gov,146878,C0.1_WC3_biomek-R15,"MOPS: 40.0000, Tricine: 4.0000, H3BO3: 0.0040, Glucose: 20.0000, K2SO4: 0.2900, K2HPO4: 1.3200, FeSO4: 0.0100, NH4Cl: 9.5200, MgCl2: 0.5200, NaCl: 50.0000, (NH4)6Mo7O24: 0.0000, CoCl2: 0.0003, CuSO4: 0.0001, MnSO4: 0.0008, ZnSO4: 0.0001",F,,,,,15,30,MOPS,1924,OD600,146927,C0.1_WC3_biomek-R15,Optical Density,,2021-08-25 22:03:27.865347+00:00,hours,,0.0
146863,Combinatorial media for flaviolin DBTL0.1,"<p>Samples of 1500uL volume were cultured in an mp2flower plate in the biolector, at 85% humidity, shaking speed 800rpm.&nbsp;</p>",TRadivojevic@lbl.gov,146879,C0.1_WD3_biomek-R16,"MOPS: 40.0000, Tricine: 4.0000, H3BO3: 0.0040, Glucose: 20.0000, K2SO4: 0.2900, K2HPO4: 1.3200, FeSO4: 0.0100, NH4Cl: 9.5200, MgCl2: 0.5200, NaCl: 50.0000, (NH4)6Mo7O24: 0.0000, CoCl2: 0.0003, CuSO4: 0.0001, MnSO4: 0.0008, ZnSO4: 0.0001",F,,,,,15,30,MOPS,1924,OD600,146928,C0.1_WD3_biomek-R16,Optical Density,,2021-08-25 22:03:27.877769+00:00,hours,,0.0
146863,Combinatorial media for flaviolin DBTL0.1,"<p>Samples of 1500uL volume were cultured in an mp2flower plate in the biolector, at 85% humidity, shaking speed 800rpm.&nbsp;</p>",TRadivojevic@lbl.gov,146880,C0.1_WE3_biomek-R17,"MOPS: 40.0000, Tricine: 4.0000, H3BO3: 0.0040, Glucose: 20.0000, K2SO4: 0.2900, K2HPO4: 1.3200, FeSO4: 0.0100, NH4Cl: 9.5200, MgCl2: 0.5200, NaCl: 50.0000, (NH4)6Mo7O24: 0.0000, CoCl2: 0.0003, CuSO4: 0.0001, MnSO4: 0.0008, ZnSO4: 0.0001",F,,,,,15,30,MOPS,1924,OD600,146929,C0.1_WE3_biomek-R17,Optical Density,,2021-08-25 22:03:27.888890+00:00,hours,,0.0
146863,Combinatorial media for flaviolin DBTL0.1,"<p>Samples of 1500uL volume were cultured in an mp2flower plate in the biolector, at 85% humidity, shaking speed 800rpm.&nbsp;</p>",TRadivojevic@lbl.gov,146881,C0.1_WF3_biomek-R18,"MOPS: 40.0000, Tricine: 4.0000, H3BO3: 0.0040, Glucose: 20.0000, K2SO4: 0.2900, K2HPO4: 1.3200, FeSO4: 0.0100, NH4Cl: 9.5200, MgCl2: 0.5200, NaCl: 50.0000, (NH4)6Mo7O24: 0.0000, CoCl2: 0.0003, CuSO4: 0.0001, MnSO4: 0.0008, ZnSO4: 0.0001",F,,,,,15,30,MOPS,1924,OD600,146930,C0.1_WF3_biomek-R18,Optical Density,,2021-08-25 22:03:27.901440+00:00,hours,,0.0
146863,Combinatorial media for flaviolin DBTL0.1,"<p>Samples of 1500uL volume were cultured in an mp2flower plate in the biolector, at 85% humidity, shaking speed 800rpm.&nbsp;</p>",TRadivojevic@lbl.gov,146882,C0.1_WA4_biomek-R19,"MOPS: 40.0000, Tricine: 4.0000, H3BO3: 0.0040, Glucose: 20.0000, K2SO4: 0.2900, K2HPO4: 1.3200, FeSO4: 0.0100, NH4Cl: 9.5200, MgCl2: 0.5200, NaCl: 50.0000, (NH4)6Mo7O24: 0.0000, CoCl2: 0.0003, CuSO4: 0.0001, MnSO4: 0.0008, ZnSO4: 0.0001",F,,,,,15,30,MOPS,1924,OD600,146931,C0.1_WA4_biomek-R19,Optical Density,,2021-08-25 22:03:27.912288+00:00,hours,,0.356
146863,Combinatorial media for flaviolin DBTL0.1,"<p>Samples of 1500uL volume were cultured in an mp2flower plate in the biolector, at 85% humidity, shaking speed 800rpm.&nbsp;</p>",TRadivojevic@lbl.gov,146883,C0.1_WB4_biomek-R20,"MOPS: 40.0000, Tricine: 4.0000, H3BO3: 0.0040, Glucose: 20.0000, K2SO4: 0.2900, K2HPO4: 1.3200, FeSO4: 0.0100, NH4Cl: 9.5200, MgCl2: 0.5200, NaCl: 50.0000, (NH4)6Mo7O24: 0.0000, CoCl2: 0.0003, CuSO4: 0.0001, MnSO4: 0.0008, ZnSO4: 0.0001",F,,,,,15,30,MOPS,1924,OD600,146932,C0.1_WB4_biomek-R20,Optical Density,,2021-08-25 22:03:27.924613+00:00,hours,,0.0
146863,Combinatorial media for flaviolin DBTL0.1,"<p>Samples of 1500uL volume were cultured in an mp2flower plate in the biolector, at 85% humidity, shaking speed 800rpm.&nbsp;</p>",TRadivojevic@lbl.gov,146884,C0.1_WC4_biomek-R21,"MOPS: 40.0000, Tricine: 4.0000, H3BO3: 0.0040, Glucose: 20.0000, K2SO4: 0.2900, K2HPO4: 1.3200, FeSO4: 0.0100, NH4Cl: 9.5200, MgCl2: 0.5200, NaCl: 50.0000, (NH4)6Mo7O24: 0.0000, CoCl2: 0.0003, CuSO4: 0.0001, MnSO4: 0.0008, ZnSO4: 0.0001",F,,,,,15,30,MOPS,1924,OD600,146933,C0.1_WC4_biomek-R21,Optical Density,,2021-08-25 22:03:27.937561+00:00,hours,,0.0
146863,Combinatorial media for flaviolin DBTL0.1,"<p>Samples of 1500uL volume were cultured in an mp2flower plate in the biolector, at 85% humidity, shaking speed 800rpm.&nbsp;</p>",TRadivojevic@lbl.gov,146885,C0.1_WD4_biomek-R22,"MOPS: 40.0000, Tricine: 4.0000, H3BO3: 0.0040, Glucose: 20.0000, K2SO4: 0.2900, K2HPO4: 1.3200, FeSO4: 0.0100, NH4Cl: 9.5200, MgCl2: 0.5200, NaCl: 50.0000, (NH4)6Mo7O24: 0.0000, CoCl2: 0.0003, CuSO4: 0.0001, MnSO4: 0.0008, ZnSO4: 0.0001",F,,,,,15,30,MOPS,1924,OD600,146934,C0.1_WD4_biomek-R22,Optical Density,,2021-08-25 22:03:27.949309+00:00,hours,,0.0
146863,Combinatorial media for flaviolin DBTL0.1,"<p>Samples of 1500uL volume were cultured in an mp2flower plate in the biolector, at 85% humidity, shaking speed 800rpm.&nbsp;</p>",TRadivojevic@lbl.gov,146886,C0.1_WE4_biomek-R23,"MOPS: 40.0000, Tricine: 4.0000, H3BO3: 0.0040, Glucose: 20.0000, K2SO4: 0.2900, K2HPO4: 1.3200, FeSO4: 0.0100, NH4Cl: 9.5200, MgCl2: 0.5200, NaCl: 50.0000, (NH4)6Mo7O24: 0.0000, CoCl2: 0.0003, CuSO4: 0.0001, MnSO4: 0.0008, ZnSO4: 0.0001",F,,,,,15,30,MOPS,1924,OD600,146935,C0.1_WE4_biomek-R23,Optical Density,,2021-08-25 22:03:27.960946+00:00,hours,,0.0
146863,Combinatorial media for flaviolin DBTL0.1,"<p>Samples of 1500uL volume were cultured in an mp2flower plate in the biolector, at 85% humidity, shaking speed 800rpm.&nbsp;</p>",TRadivojevic@lbl.gov,146887,C0.1_WF4_biomek-R24,"MOPS: 40.0000, Tricine: 4.0000, H3BO3: 0.0040, Glucose: 20.0000, K2SO4: 0.2900, K2HPO4: 1.3200, FeSO4: 0.0100, NH4Cl: 9.5200, MgCl2: 0.5200, NaCl: 50.0000, (NH4)6Mo7O24: 0.0000, CoCl2: 0.0003, CuSO4: 0.0001, MnSO4: 0.0008, ZnSO4: 0.0001",F,,,,,15,30,MOPS,1924,OD600,146936,C0.1_WF4_biomek-R24,Optical Density,,2021-08-25 22:03:27.973502+00:00,hours,,0.0
146863,Combinatorial media for flaviolin DBTL0.1,"<p>Samples of 1500uL volume were cultured in an mp2flower plate in the biolector, at 85% humidity, shaking speed 800rpm.&nbsp;</p>",TRadivojevic@lbl.gov,146888,C0.1_WA5_manual-R1,"MOPS: 40.0000, Tricine: 4.0000, H3BO3: 0.0040, Glucose: 20.0000, K2SO4: 0.2900, K2HPO4: 1.3200, FeSO4: 0.0100, NH4Cl: 9.5200, MgCl2: 0.5200, NaCl: 50.0000, (NH4)6Mo7O24: 0.0000, CoCl2: 0.0003, CuSO4: 0.0001, MnSO4: 0.0008, ZnSO4: 0.0001",F,,,,,15,30,MOPS,1924,OD600,146937,C0.1_WA5_manual-R1,Optical Density,,2021-08-25 22:03:27.984168+00:00,hours,,0.298
146863,Combinatorial media for flaviolin DBTL0.1,"<p>Samples of 1500uL volume were cultured in an mp2flower plate in the biolector, at 85% humidity, shaking speed 800rpm.&nbsp;</p>",TRadivojevic@lbl.gov,146889,C0.1_WB5_manual-R2,"MOPS: 40.0000, Tricine: 4.0000, H3BO3: 0.0040, Glucose: 20.0000, K2SO4: 0.2900, K2HPO4: 1.3200, FeSO4: 0.0100, NH4Cl: 9.5200, MgCl2: 0.5200, NaCl: 50.0000, (NH4)6Mo7O24: 0.0000, CoCl2: 0.0003, CuSO4: 0.0001, MnSO4: 0.0008, ZnSO4: 0.0001",F,,,,,15,30,MOPS,1924,OD600,146938,C0.1_WB5_manual-R2,Optical Density,,2021-08-25 22:03:27.995334+00:00,hours,,0.339
146863,Combinatorial media for flaviolin DBTL0.1,"<p>Samples of 1500uL volume were cultured in an mp2flower plate in the biolector, at 85% humidity, shaking speed 800rpm.&nbsp;</p>",TRadivojevic@lbl.gov,146890,C0.1_WC5_manual-R3,"MOPS: 40.0000, Tricine: 4.0000, H3BO3: 0.0040, Glucose: 20.0000, K2SO4: 0.2900, K2HPO4: 1.3200, FeSO4: 0.0100, NH4Cl: 9.5200, MgCl2: 0.5200, NaCl: 50.0000, (NH4)6Mo7O24: 0.0000, CoCl2: 0.0003, CuSO4: 0.0001, MnSO4: 0.0008, ZnSO4: 0.0001",F,,,,,15,30,MOPS,1924,OD600,146939,C0.1_WC5_manual-R3,Optical Density,,2021-08-25 22:03:28.008755+00:00,hours,,0.314
146863,Combinatorial media for flaviolin DBTL0.1,"<p>Samples of 1500uL volume were cultured in an mp2flower plate in the biolector, at 85% humidity, shaking speed 800rpm.&nbsp;</p>",TRadivojevic@lbl.gov,146891,C0.1_WD5_manual-R4,"MOPS: 40.0000, Tricine: 4.0000, H3BO3: 0.0040, Glucose: 20.0000, K2SO4: 0.2900, K2HPO4: 1.3200, FeSO4: 0.0100, NH4Cl: 9.5200, MgCl2: 0.5200, NaCl: 50.0000, (NH4)6Mo7O24: 0.0000, CoCl2: 0.0003, CuSO4: 0.0001, MnSO4: 0.0008, ZnSO4: 0.0001",F,,,,,15,30,MOPS,1924,OD600,146940,C0.1_WD5_manual-R4,Optical Density,,2021-08-25 22:03:28.020053+00:00,hours,,0.21
146863,Combinatorial media for flaviolin DBTL0.1,"<p>Samples of 1500uL volume were cultured in an mp2flower plate in the biolector, at 85% humidity, shaking speed 800rpm.&nbsp;</p>",TRadivojevic@lbl.gov,146892,C0.1_WE5_manual-R5,"MOPS: 40.0000, Tricine: 4.0000, H3BO3: 0.0040, Glucose: 20.0000, K2SO4: 0.2900, K2HPO4: 1.3200, FeSO4: 0.0100, NH4Cl: 9.5200, MgCl2: 0.5200, NaCl: 50.0000, (NH4)6Mo7O24: 0.0000, CoCl2: 0.0003, CuSO4: 0.0001, MnSO4: 0.0008, ZnSO4: 0.0001",F,,,,,15,30,MOPS,1924,OD600,146941,C0.1_WE5_manual-R5,Optical Density,,2021-08-25 22:03:28.030104+00:00,hours,,0.078
146863,Combinatorial media for flaviolin DBTL0.1,"<p>Samples of 1500uL volume were cultured in an mp2flower plate in the biolector, at 85% humidity, shaking speed 800rpm.&nbsp;</p>",TRadivojevic@lbl.gov,146893,C0.1_WF5_manual-R6,"MOPS: 40.0000, Tricine: 4.0000, H3BO3: 0.0040, Glucose: 20.0000, K2SO4: 0.2900, K2HPO4: 1.3200, FeSO4: 0.0100, NH4Cl: 9.5200, MgCl2: 0.5200, NaCl: 50.0000, (NH4)6Mo7O24: 0.0000, CoCl2: 0.0003, CuSO4: 0.0001, MnSO4: 0.0008, ZnSO4: 0.0001",F,,,,,15,30,MOPS,1924,OD600,146942,C0.1_WF5_manual-R6,Optical Density,,2021-08-25 22:03:28.039728+00:00,hours,,0.183
146863,Combinatorial media for flaviolin DBTL0.1,"<p>Samples of 1500uL volume were cultured in an mp2flower plate in the biolector, at 85% humidity, shaking speed 800rpm.&nbsp;</p>",TRadivojevic@lbl.gov,146894,C0.1_WA6_manual-R7,"MOPS: 40.0000, Tricine: 4.0000, H3BO3: 0.0040, Glucose: 20.0000, K2SO4: 0.2900, K2HPO4: 1.3200, FeSO4: 0.0100, NH4Cl: 9.5200, MgCl2: 0.5200, NaCl: 50.0000, (NH4)6Mo7O24: 0.0000, CoCl2: 0.0003, CuSO4: 0.0001, MnSO4: 0.0008, ZnSO4: 0.0001",F,,,,,15,30,MOPS,1924,OD600,146943,C0.1_WA6_manual-R7,Optical Density,,2021-08-25 22:03:28.049329+00:00,hours,,0.294
146863,Combinatorial media for flaviolin DBTL0.1,"<p>Samples of 1500uL volume were cultured in an mp2flower plate in the biolector, at 85% humidity, shaking speed 800rpm.&nbsp;</p>",TRadivojevic@lbl.gov,146895,C0.1_WB6_manual-R8,"MOPS: 40.0000, Tricine: 4.0000, H3BO3: 0.0040, Glucose: 20.0000, K2SO4: 0.2900, K2HPO4: 1.3200, FeSO4: 0.0100, NH4Cl: 9.5200, MgCl2: 0.5200, NaCl: 50.0000, (NH4)6Mo7O24: 0.0000, CoCl2: 0.0003, CuSO4: 0.0001, MnSO4: 0.0008, ZnSO4: 0.0001",F,,,,,15,30,MOPS,1924,OD600,146944,C0.1_WB6_manual-R8,Optical Density,,2021-08-25 22:03:28.061239+00:00,hours,,0.309
146863,Combinatorial media for flaviolin DBTL0.1,"<p>Samples of 1500uL volume were cultured in an mp2flower plate in the biolector, at 85% humidity, shaking speed 800rpm.&nbsp;</p>",TRadivojevic@lbl.gov,146896,C0.1_WC6_manual-R9,"MOPS: 40.0000, Tricine: 4.0000, H3BO3: 0.0040, Glucose: 20.0000, K2SO4: 0.2900, K2HPO4: 1.3200, FeSO4: 0.0100, NH4Cl: 9.5200, MgCl2: 0.5200, NaCl: 50.0000, (NH4)6Mo7O24: 0.0000, CoCl2: 0.0003, CuSO4: 0.0001, MnSO4: 0.0008, ZnSO4: 0.0001",F,,,,,15,30,MOPS,1924,OD600,146945,C0.1_WC6_manual-R9,Optical Density,,2021-08-25 22:03:28.071050+00:00,hours,,0.326
146863,Combinatorial media for flaviolin DBTL0.1,"<p>Samples of 1500uL volume were cultured in an mp2flower plate in the biolector, at 85% humidity, shaking speed 800rpm.&nbsp;</p>",TRadivojevic@lbl.gov,146897,C0.1_WD6_manual-R10,"MOPS: 40.0000, Tricine: 4.0000, H3BO3: 0.0040, Glucose: 20.0000, K2SO4: 0.2900, K2HPO4: 1.3200, FeSO4: 0.0100, NH4Cl: 9.5200, MgCl2: 0.5200, NaCl: 50.0000, (NH4)6Mo7O24: 0.0000, CoCl2: 0.0003, CuSO4: 0.0001, MnSO4: 0.0008, ZnSO4: 0.0001",F,,,,,15,30,MOPS,1924,OD600,146946,C0.1_WD6_manual-R10,Optical Density,,2021-08-25 22:03:28.080862+00:00,hours,,0.262
146863,Combinatorial media for flaviolin DBTL0.1,"<p>Samples of 1500uL volume were cultured in an mp2flower plate in the biolector, at 85% humidity, shaking speed 800rpm.&nbsp;</p>",TRadivojevic@lbl.gov,146898,C0.1_WE6_manual-R11,"MOPS: 40.0000, Tricine: 4.0000, H3BO3: 0.0040, Glucose: 20.0000, K2SO4: 0.2900, K2HPO4: 1.3200, FeSO4: 0.0100, NH4Cl: 9.5200, MgCl2: 0.5200, NaCl: 50.0000, (NH4)6Mo7O24: 0.0000, CoCl2: 0.0003, CuSO4: 0.0001, MnSO4: 0.0008, ZnSO4: 0.0001",F,,,,,15,30,MOPS,1924,OD600,146947,C0.1_WE6_manual-R11,Optical Density,,2021-08-25 22:03:28.090927+00:00,hours,,0.093
146863,Combinatorial media for flaviolin DBTL0.1,"<p>Samples of 1500uL volume were cultured in an mp2flower plate in the biolector, at 85% humidity, shaking speed 800rpm.&nbsp;</p>",TRadivojevic@lbl.gov,146899,C0.1_WF6_manual-R12,"MOPS: 40.0000, Tricine: 4.0000, H3BO3: 0.0040, Glucose: 20.0000, K2SO4: 0.2900, K2HPO4: 1.3200, FeSO4: 0.0100, NH4Cl: 9.5200, MgCl2: 0.5200, NaCl: 50.0000, (NH4)6Mo7O24: 0.0000, CoCl2: 0.0003, CuSO4: 0.0001, MnSO4: 0.0008, ZnSO4: 0.0001",F,,,,,15,30,MOPS,1924,OD600,146948,C0.1_WF6_manual-R12,Optical Density,,2021-08-25 22:03:28.100902+00:00,hours,,0.202
146863,Combinatorial media for flaviolin DBTL0.1,"<p>Samples of 1500uL volume were cultured in an mp2flower plate in the biolector, at 85% humidity, shaking speed 800rpm.&nbsp;</p>",TRadivojevic@lbl.gov,146900,C0.1_WA7_manual-R13,"MOPS: 40.0000, Tricine: 4.0000, H3BO3: 0.0040, Glucose: 20.0000, K2SO4: 0.2900, K2HPO4: 1.3200, FeSO4: 0.0100, NH4Cl: 9.5200, MgCl2: 0.5200, NaCl: 50.0000, (NH4)6Mo7O24: 0.0000, CoCl2: 0.0003, CuSO4: 0.0001, MnSO4: 0.0008, ZnSO4: 0.0001",F,,,,,15,30,MOPS,1924,OD600,146949,C0.1_WA7_manual-R13,Optical Density,,2021-08-25 22:03:28.110776+00:00,hours,,0.361
146863,Combinatorial media for flaviolin DBTL0.1,"<p>Samples of 1500uL volume were cultured in an mp2flower plate in the biolector, at 85% humidity, shaking speed 800rpm.&nbsp;</p>",TRadivojevic@lbl.gov,146901,C0.1_WB7_manual-R14,"MOPS: 40.0000, Tricine: 4.0000, H3BO3: 0.0040, Glucose: 20.0000, K2SO4: 0.2900, K2HPO4: 1.3200, FeSO4: 0.0100, NH4Cl: 9.5200, MgCl2: 0.5200, NaCl: 50.0000, (NH4)6Mo7O24: 0.0000, CoCl2: 0.0003, CuSO4: 0.0001, MnSO4: 0.0008, ZnSO4: 0.0001",F,,,,,15,30,MOPS,1924,OD600,146950,C0.1_WB7_manual-R14,Optical Density,,2021-08-25 22:03:28.120558+00:00,hours,,0.331
146863,Combinatorial media for flaviolin DBTL0.1,"<p>Samples of 1500uL volume were cultured in an mp2flower plate in the biolector, at 85% humidity, shaking speed 800rpm.&nbsp;</p>",TRadivojevic@lbl.gov,146902,C0.1_WC7_manual-R15,"MOPS: 40.0000, Tricine: 4.0000, H3BO3: 0.0040, Glucose: 20.0000, K2SO4: 0.2900, K2HPO4: 1.3200, FeSO4: 0.0100, NH4Cl: 9.5200, MgCl2: 0.5200, NaCl: 50.0000, (NH4)6Mo7O24: 0.0000, CoCl2: 0.0003, CuSO4: 0.0001, MnSO4: 0.0008, ZnSO4: 0.0001",F,,,,,15,30,MOPS,1924,OD600,146951,C0.1_WC7_manual-R15,Optical Density,,2021-08-25 22:03:28.130738+00:00,hours,,0.34
146863,Combinatorial media for flaviolin DBTL0.1,"<p>Samples of 1500uL volume were cultured in an mp2flower plate in the biolector, at 85% humidity, shaking speed 800rpm.&nbsp;</p>",TRadivojevic@lbl.gov,146903,C0.1_WD7_manual-R16,"MOPS: 40.0000, Tricine: 4.0000, H3BO3: 0.0040, Glucose: 20.0000, K2SO4: 0.2900, K2HPO4: 1.3200, FeSO4: 0.0100, NH4Cl: 9.5200, MgCl2: 0.5200, NaCl: 50.0000, (NH4)6Mo7O24: 0.0000, CoCl2: 0.0003, CuSO4: 0.0001, MnSO4: 0.0008, ZnSO4: 0.0001",F,,,,,15,30,MOPS,1924,OD600,146952,C0.1_WD7_manual-R16,Optical Density,,2021-08-25 22:03:28.140899+00:00,hours,,0.299
146863,Combinatorial media for flaviolin DBTL0.1,"<p>Samples of 1500uL volume were cultured in an mp2flower plate in the biolector, at 85% humidity, shaking speed 800rpm.&nbsp;</p>",TRadivojevic@lbl.gov,146904,C0.1_WE7_manual-R17,"MOPS: 40.0000, Tricine: 4.0000, H3BO3: 0.0040, Glucose: 20.0000, K2SO4: 0.2900, K2HPO4: 1.3200, FeSO4: 0.0100, NH4Cl: 9.5200, MgCl2: 0.5200, NaCl: 50.0000, (NH4)6Mo7O24: 0.0000, CoCl2: 0.0003, CuSO4: 0.0001, MnSO4: 0.0008, ZnSO4: 0.0001",F,,,,,15,30,MOPS,1924,OD600,146953,C0.1_WE7_manual-R17,Optical Density,,2021-08-25 22:03:28.151122+00:00,hours,,0.106
146863,Combinatorial media for flaviolin DBTL0.1,"<p>Samples of 1500uL volume were cultured in an mp2flower plate in the biolector, at 85% humidity, shaking speed 800rpm.&nbsp;</p>",TRadivojevic@lbl.gov,146905,C0.1_WF7_manual-R18,"MOPS: 40.0000, Tricine: 4.0000, H3BO3: 0.0040, Glucose: 20.0000, K2SO4: 0.2900, K2HPO4: 1.3200, FeSO4: 0.0100, NH4Cl: 9.5200, MgCl2: 0.5200, NaCl: 50.0000, (NH4)6Mo7O24: 0.0000, CoCl2: 0.0003, CuSO4: 0.0001, MnSO4: 0.0008, ZnSO4: 0.0001",F,,,,,15,30,MOPS,1924,OD600,146954,C0.1_WF7_manual-R18,Optical Density,,2021-08-25 22:03:28.161750+00:00,hours,,0.217
146863,Combinatorial media for flaviolin DBTL0.1,"<p>Samples of 1500uL volume were cultured in an mp2flower plate in the biolector, at 85% humidity, shaking speed 800rpm.&nbsp;</p>",TRadivojevic@lbl.gov,146906,C0.1_WA8_manual-R19,"MOPS: 40.0000, Tricine: 4.0000, H3BO3: 0.0040, Glucose: 20.0000, K2SO4: 0.2900, K2HPO4: 1.3200, FeSO4: 0.0100, NH4Cl: 9.5200, MgCl2: 0.5200, NaCl: 50.0000, (NH4)6Mo7O24: 0.0000, CoCl2: 0.0003, CuSO4: 0.0001, MnSO4: 0.0008, ZnSO4: 0.0001",F,,,,,15,30,MOPS,1924,OD600,146955,C0.1_WA8_manual-R19,Optical Density,,2021-08-25 22:03:28.171579+00:00,hours,,0.338
146863,Combinatorial media for flaviolin DBTL0.1,"<p>Samples of 1500uL volume were cultured in an mp2flower plate in the biolector, at 85% humidity, shaking speed 800rpm.&nbsp;</p>",TRadivojevic@lbl.gov,146907,C0.1_WB8_manual-R20,"MOPS: 40.0000, Tricine: 4.0000, H3BO3: 0.0040, Glucose: 20.0000, K2SO4: 0.2900, K2HPO4: 1.3200, FeSO4: 0.0100, NH4Cl: 9.5200, MgCl2: 0.5200, NaCl: 50.0000, (NH4)6Mo7O24: 0.0000, CoCl2: 0.0003, CuSO4: 0.0001, MnSO4: 0.0008, ZnSO4: 0.0001",F,,,,,15,30,MOPS,1924,OD600,146956,C0.1_WB8_manual-R20,Optical Density,,2021-08-25 22:03:28.181771+00:00,hours,,0.294
146863,Combinatorial media for flaviolin DBTL0.1,"<p>Samples of 1500uL volume were cultured in an mp2flower plate in the biolector, at 85% humidity, shaking speed 800rpm.&nbsp;</p>",TRadivojevic@lbl.gov,146908,C0.1_WC8_manual-R21,"MOPS: 40.0000, Tricine: 4.0000, H3BO3: 0.0040, Glucose: 20.0000, K2SO4: 0.2900, K2HPO4: 1.3200, FeSO4: 0.0100, NH4Cl: 9.5200, MgCl2: 0.5200, NaCl: 50.0000, (NH4)6Mo7O24: 0.0000, CoCl2: 0.0003, CuSO4: 0.0001, MnSO4: 0.0008, ZnSO4: 0.0001",F,,,,,15,30,MOPS,1924,OD600,146957,C0.1_WC8_manual-R21,Optical Density,,2021-08-25 22:03:28.191648+00:00,hours,,0.347
146863,Combinatorial media for flaviolin DBTL0.1,"<p>Samples of 1500uL volume were cultured in an mp2flower plate in the biolector, at 85% humidity, shaking speed 800rpm.&nbsp;</p>",TRadivojevic@lbl.gov,146909,C0.1_WD8_manual-R22,"MOPS: 40.0000, Tricine: 4.0000, H3BO3: 0.0040, Glucose: 20.0000, K2SO4: 0.2900, K2HPO4: 1.3200, FeSO4: 0.0100, NH4Cl: 9.5200, MgCl2: 0.5200, NaCl: 50.0000, (NH4)6Mo7O24: 0.0000, CoCl2: 0.0003, CuSO4: 0.0001, MnSO4: 0.0008, ZnSO4: 0.0001",F,,,,,15,30,MOPS,1924,OD600,146958,C0.1_WD8_manual-R22,Optical Density,,2021-08-25 22:03:28.201704+00:00,hours,,0.299
146863,Combinatorial media for flaviolin DBTL0.1,"<p>Samples of 1500uL volume were cultured in an mp2flower plate in the biolector, at 85% humidity, shaking speed 800rpm.&nbsp;</p>",TRadivojevic@lbl.gov,146910,C0.1_WE8_manual-R23,"MOPS: 40.0000, Tricine: 4.0000, H3BO3: 0.0040, Glucose: 20.0000, K2SO4: 0.2900, K2HPO4: 1.3200, FeSO4: 0.0100, NH4Cl: 9.5200, MgCl2: 0.5200, NaCl: 50.0000, (NH4)6Mo7O24: 0.0000, CoCl2: 0.0003, CuSO4: 0.0001, MnSO4: 0.0008, ZnSO4: 0.0001",F,,,,,15,30,MOPS,1924,OD600,146959,C0.1_WE8_manual-R23,Optical Density,,2021-08-25 22:03:28.211606+00:00,hours,,0.118
146863,Combinatorial media for flaviolin DBTL0.1,"<p>Samples of 1500uL volume were cultured in an mp2flower plate in the biolector, at 85% humidity, shaking speed 800rpm.&nbsp;</p>",TRadivojevic@lbl.gov,146911,C0.1_WF8_manual-R24,"MOPS: 40.0000, Tricine: 4.0000, H3BO3: 0.0040, Glucose: 20.0000, K2SO4: 0.2900, K2HPO4: 1.3200, FeSO4: 0.0100, NH4Cl: 9.5200, MgCl2: 0.5200, NaCl: 50.0000, (NH4)6Mo7O24: 0.0000, CoCl2: 0.0003, CuSO4: 0.0001, MnSO4: 0.0008, ZnSO4: 0.0001",F,,,,,15,30,MOPS,1924,OD600,146960,C0.1_WF8_manual-R24,Optical Density,,2021-08-25 22:03:28.221350+00:00,hours,,0.23
146863,Combinatorial media for flaviolin DBTL0.1,"<p>Samples of 1500uL volume were cultured in an mp2flower plate in the biolector, at 85% humidity, shaking speed 800rpm.&nbsp;</p>",TRadivojevic@lbl.gov,146864,C0.1_WA1_biomek-R1,"MOPS: 40.0000, Tricine: 4.0000, H3BO3: 0.0040, Glucose: 20.0000, K2SO4: 0.2900, K2HPO4: 1.3200, FeSO4: 0.0100, NH4Cl: 9.5200, MgCl2: 0.5200, NaCl: 50.0000, (NH4)6Mo7O24: 0.0000, CoCl2: 0.0003, CuSO4: 0.0001, MnSO4: 0.0008, ZnSO4: 0.0001",F,,,,,15,30,MOPS,146912,OD340,146961,C0.1_WA1_biomek-R1,Optical Density,,2021-08-25 22:04:41.897941+00:00,hours,,0.621
146863,Combinatorial media for flaviolin DBTL0.1,"<p>Samples of 1500uL volume were cultured in an mp2flower plate in the biolector, at 85% humidity, shaking speed 800rpm.&nbsp;</p>",TRadivojevic@lbl.gov,146865,C0.1_WB1_biomek-R2,"MOPS: 40.0000, Tricine: 4.0000, H3BO3: 0.0040, Glucose: 20.0000, K2SO4: 0.2900, K2HPO4: 1.3200, FeSO4: 0.0100, NH4Cl: 9.5200, MgCl2: 0.5200, NaCl: 50.0000, (NH4)6Mo7O24: 0.0000, CoCl2: 0.0003, CuSO4: 0.0001, MnSO4: 0.0008, ZnSO4: 0.0001",F,,,,,15,30,MOPS,146912,OD340,146962,C0.1_WB1_biomek-R2,Optical Density,,2021-08-25 22:04:41.910876+00:00,hours,,0.512
146863,Combinatorial media for flaviolin DBTL0.1,"<p>Samples of 1500uL volume were cultured in an mp2flower plate in the biolector, at 85% humidity, shaking speed 800rpm.&nbsp;</p>",TRadivojevic@lbl.gov,146866,C0.1_WC1_biomek-R3,"MOPS: 40.0000, Tricine: 4.0000, H3BO3: 0.0040, Glucose: 20.0000, K2SO4: 0.2900, K2HPO4: 1.3200, FeSO4: 0.0100, NH4Cl: 9.5200, MgCl2: 0.5200, NaCl: 50.0000, (NH4)6Mo7O24: 0.0000, CoCl2: 0.0003, CuSO4: 0.0001, MnSO4: 0.0008, ZnSO4: 0.0001",F,,,,,15,30,MOPS,146912,OD340,146963,C0.1_WC1_biomek-R3,Optical Density,,2021-08-25 22:04:41.922327+00:00,hours,,0.62
146863,Combinatorial media for flaviolin DBTL0.1,"<p>Samples of 1500uL volume were cultured in an mp2flower plate in the biolector, at 85% humidity, shaking speed 800rpm.&nbsp;</p>",TRadivojevic@lbl.gov,146867,C0.1_WD1_biomek-R4,"MOPS: 40.0000, Tricine: 4.0000, H3BO3: 0.0040, Glucose: 20.0000, K2SO4: 0.2900, K2HPO4: 1.3200, FeSO4: 0.0100, NH4Cl: 9.5200, MgCl2: 0.5200, NaCl: 50.0000, (NH4)6Mo7O24: 0.0000, CoCl2: 0.0003, CuSO4: 0.0001, MnSO4: 0.0008, ZnSO4: 0.0001",F,,,,,15,30,MOPS,146912,OD340,146964,C0.1_WD1_biomek-R4,Optical Density,,2021-08-25 22:04:41.933620+00:00,hours,,0.0
146863,Combinatorial media for flaviolin DBTL0.1,"<p>Samples of 1500uL volume were cultured in an mp2flower plate in the biolector, at 85% humidity, shaking speed 800rpm.&nbsp;</p>",TRadivojevic@lbl.gov,146868,C0.1_WE1_biomek-R5,"MOPS: 40.0000, Tricine: 4.0000, H3BO3: 0.0040, Glucose: 20.0000, K2SO4: 0.2900, K2HPO4: 1.3200, FeSO4: 0.0100, NH4Cl: 9.5200, MgCl2: 0.5200, NaCl: 50.0000, (NH4)6Mo7O24: 0.0000, CoCl2: 0.0003, CuSO4: 0.0001, MnSO4: 0.0008, ZnSO4: 0.0001",F,,,,,15,30,MOPS,146912,OD340,146965,C0.1_WE1_biomek-R5,Optical Density,,2021-08-25 22:04:41.944503+00:00,hours,,0.26
146863,Combinatorial media for flaviolin DBTL0.1,"<p>Samples of 1500uL volume were cultured in an mp2flower plate in the biolector, at 85% humidity, shaking speed 800rpm.&nbsp;</p>",TRadivojevic@lbl.gov,146869,C0.1_WF1_biomek-R6,"MOPS: 40.0000, Tricine: 4.0000, H3BO3: 0.0040, Glucose: 20.0000, K2SO4: 0.2900, K2HPO4: 1.3200, FeSO4: 0.0100, NH4Cl: 9.5200, MgCl2: 0.5200, NaCl: 50.0000, (NH4)6Mo7O24: 0.0000, CoCl2: 0.0003, CuSO4: 0.0001, MnSO4: 0.0008, ZnSO4: 0.0001",F,,,,,15,30,MOPS,146912,OD340,146966,C0.1_WF1_biomek-R6,Optical Density,,2021-08-25 22:04:41.956035+00:00,hours,,0.293
146863,Combinatorial media for flaviolin DBTL0.1,"<p>Samples of 1500uL volume were cultured in an mp2flower plate in the biolector, at 85% humidity, shaking speed 800rpm.&nbsp;</p>",TRadivojevic@lbl.gov,146870,C0.1_WA2_biomek-R7,"MOPS: 40.0000, Tricine: 4.0000, H3BO3: 0.0040, Glucose: 20.0000, K2SO4: 0.2900, K2HPO4: 1.3200, FeSO4: 0.0100, NH4Cl: 9.5200, MgCl2: 0.5200, NaCl: 50.0000, (NH4)6Mo7O24: 0.0000, CoCl2: 0.0003, CuSO4: 0.0001, MnSO4: 0.0008, ZnSO4: 0.0001",F,,,,,15,30,MOPS,146912,OD340,146967,C0.1_WA2_biomek-R7,Optical Density,,2021-08-25 22:04:41.967272+00:00,hours,,0.561
146863,Combinatorial media for flaviolin DBTL0.1,"<p>Samples of 1500uL volume were cultured in an mp2flower plate in the biolector, at 85% humidity, shaking speed 800rpm.&nbsp;</p>",TRadivojevic@lbl.gov,146871,C0.1_WB2_biomek-R8,"MOPS: 40.0000, Tricine: 4.0000, H3BO3: 0.0040, Glucose: 20.0000, K2SO4: 0.2900, K2HPO4: 1.3200, FeSO4: 0.0100, NH4Cl: 9.5200, MgCl2: 0.5200, NaCl: 50.0000, (NH4)6Mo7O24: 0.0000, CoCl2: 0.0003, CuSO4: 0.0001, MnSO4: 0.0008, ZnSO4: 0.0001",F,,,,,15,30,MOPS,146912,OD340,146968,C0.1_WB2_biomek-R8,Optical Density,,2021-08-25 22:04:41.978401+00:00,hours,,0.571
146863,Combinatorial media for flaviolin DBTL0.1,"<p>Samples of 1500uL volume were cultured in an mp2flower plate in the biolector, at 85% humidity, shaking speed 800rpm.&nbsp;</p>",TRadivojevic@lbl.gov,146872,C0.1_WC2_biomek-R9,"MOPS: 40.0000, Tricine: 4.0000, H3BO3: 0.0040, Glucose: 20.0000, K2SO4: 0.2900, K2HPO4: 1.3200, FeSO4: 0.0100, NH4Cl: 9.5200, MgCl2: 0.5200, NaCl: 50.0000, (NH4)6Mo7O24: 0.0000, CoCl2: 0.0003, CuSO4: 0.0001, MnSO4: 0.0008, ZnSO4: 0.0001",F,,,,,15,30,MOPS,146912,OD340,146969,C0.1_WC2_biomek-R9,Optical Density,,2021-08-25 22:04:41.988738+00:00,hours,,0.536
146863,Combinatorial media for flaviolin DBTL0.1,"<p>Samples of 1500uL volume were cultured in an mp2flower plate in the biolector, at 85% humidity, shaking speed 800rpm.&nbsp;</p>",TRadivojevic@lbl.gov,146873,C0.1_WD2_biomek-R10,"MOPS: 40.0000, Tricine: 4.0000, H3BO3: 0.0040, Glucose: 20.0000, K2SO4: 0.2900, K2HPO4: 1.3200, FeSO4: 0.0100, NH4Cl: 9.5200, MgCl2: 0.5200, NaCl: 50.0000, (NH4)6Mo7O24: 0.0000, CoCl2: 0.0003, CuSO4: 0.0001, MnSO4: 0.0008, ZnSO4: 0.0001",F,,,,,15,30,MOPS,146912,OD340,146970,C0.1_WD2_biomek-R10,Optical Density,,2021-08-25 22:04:41.999688+00:00,hours,,0.0
146863,Combinatorial media for flaviolin DBTL0.1,"<p>Samples of 1500uL volume were cultured in an mp2flower plate in the biolector, at 85% humidity, shaking speed 800rpm.&nbsp;</p>",TRadivojevic@lbl.gov,146874,C0.1_WE2_biomek-R11,"MOPS: 40.0000, Tricine: 4.0000, H3BO3: 0.0040, Glucose: 20.0000, K2SO4: 0.2900, K2HPO4: 1.3200, FeSO4: 0.0100, NH4Cl: 9.5200, MgCl2: 0.5200, NaCl: 50.0000, (NH4)6Mo7O24: 0.0000, CoCl2: 0.0003, CuSO4: 0.0001, MnSO4: 0.0008, ZnSO4: 0.0001",F,,,,,15,30,MOPS,146912,OD340,146971,C0.1_WE2_biomek-R11,Optical Density,,2021-08-25 22:04:42.010996+00:00,hours,,0.178
146863,Combinatorial media for flaviolin DBTL0.1,"<p>Samples of 1500uL volume were cultured in an mp2flower plate in the biolector, at 85% humidity, shaking speed 800rpm.&nbsp;</p>",TRadivojevic@lbl.gov,146875,C0.1_WF2_biomek-R12,"MOPS: 40.0000, Tricine: 4.0000, H3BO3: 0.0040, Glucose: 20.0000, K2SO4: 0.2900, K2HPO4: 1.3200, FeSO4: 0.0100, NH4Cl: 9.5200, MgCl2: 0.5200, NaCl: 50.0000, (NH4)6Mo7O24: 0.0000, CoCl2: 0.0003, CuSO4: 0.0001, MnSO4: 0.0008, ZnSO4: 0.0001",F,,,,,15,30,MOPS,146912,OD340,146972,C0.1_WF2_biomek-R12,Optical Density,,2021-08-25 22:04:42.022512+00:00,hours,,0.0
146863,Combinatorial media for flaviolin DBTL0.1,"<p>Samples of 1500uL volume were cultured in an mp2flower plate in the biolector, at 85% humidity, shaking speed 800rpm.&nbsp;</p>",TRadivojevic@lbl.gov,146876,C0.1_WA3_biomek-R13,"MOPS: 40.0000, Tricine: 4.0000, H3BO3: 0.0040, Glucose: 20.0000, K2SO4: 0.2900, K2HPO4: 1.3200, FeSO4: 0.0100, NH4Cl: 9.5200, MgCl2: 0.5200, NaCl: 50.0000, (NH4)6Mo7O24: 0.0000, CoCl2: 0.0003, CuSO4: 0.0001, MnSO4: 0.0008, ZnSO4: 0.0001",F,,,,,15,30,MOPS,146912,OD340,146973,C0.1_WA3_biomek-R13,Optical Density,,2021-08-25 22:04:42.033118+00:00,hours,,0.558
146863,Combinatorial media for flaviolin DBTL0.1,"<p>Samples of 1500uL volume were cultured in an mp2flower plate in the biolector, at 85% humidity, shaking speed 800rpm.&nbsp;</p>",TRadivojevic@lbl.gov,146877,C0.1_WB3_biomek-R14,"MOPS: 40.0000, Tricine: 4.0000, H3BO3: 0.0040, Glucose: 20.0000, K2SO4: 0.2900, K2HPO4: 1.3200, FeSO4: 0.0100, NH4Cl: 9.5200, MgCl2: 0.5200, NaCl: 50.0000, (NH4)6Mo7O24: 0.0000, CoCl2: 0.0003, CuSO4: 0.0001, MnSO4: 0.0008, ZnSO4: 0.0001",F,,,,,15,30,MOPS,146912,OD340,146974,C0.1_WB3_biomek-R14,Optical Density,,2021-08-25 22:04:42.043091+00:00,hours,,0.0
146863,Combinatorial media for flaviolin DBTL0.1,"<p>Samples of 1500uL volume were cultured in an mp2flower plate in the biolector, at 85% humidity, shaking speed 800rpm.&nbsp;</p>",TRadivojevic@lbl.gov,146878,C0.1_WC3_biomek-R15,"MOPS: 40.0000, Tricine: 4.0000, H3BO3: 0.0040, Glucose: 20.0000, K2SO4: 0.2900, K2HPO4: 1.3200, FeSO4: 0.0100, NH4Cl: 9.5200, MgCl2: 0.5200, NaCl: 50.0000, (NH4)6Mo7O24: 0.0000, CoCl2: 0.0003, CuSO4: 0.0001, MnSO4: 0.0008, ZnSO4: 0.0001",F,,,,,15,30,MOPS,146912,OD340,146975,C0.1_WC3_biomek-R15,Optical Density,,2021-08-25 22:04:42.053091+00:00,hours,,0.0
146863,Combinatorial media for flaviolin DBTL0.1,"<p>Samples of 1500uL volume were cultured in an mp2flower plate in the biolector, at 85% humidity, shaking speed 800rpm.&nbsp;</p>",TRadivojevic@lbl.gov,146879,C0.1_WD3_biomek-R16,"MOPS: 40.0000, Tricine: 4.0000, H3BO3: 0.0040, Glucose: 20.0000, K2SO4: 0.2900, K2HPO4: 1.3200, FeSO4: 0.0100, NH4Cl: 9.5200, MgCl2: 0.5200, NaCl: 50.0000, (NH4)6Mo7O24: 0.0000, CoCl2: 0.0003, CuSO4: 0.0001, MnSO4: 0.0008, ZnSO4: 0.0001",F,,,,,15,30,MOPS,146912,OD340,146976,C0.1_WD3_biomek-R16,Optical Density,,2021-08-25 22:04:42.063417+00:00,hours,,0.0
146863,Combinatorial media for flaviolin DBTL0.1,"<p>Samples of 1500uL volume were cultured in an mp2flower plate in the biolector, at 85% humidity, shaking speed 800rpm.&nbsp;</p>",TRadivojevic@lbl.gov,146880,C0.1_WE3_biomek-R17,"MOPS: 40.0000, Tricine: 4.0000, H3BO3: 0.0040, Glucose: 20.0000, K2SO4: 0.2900, K2HPO4: 1.3200, FeSO4: 0.0100, NH4Cl: 9.5200, MgCl2: 0.5200, NaCl: 50.0000, (NH4)6Mo7O24: 0.0000, CoCl2: 0.0003, CuSO4: 0.0001, MnSO4: 0.0008, ZnSO4: 0.0001",F,,,,,15,30,MOPS,146912,OD340,146977,C0.1_WE3_biomek-R17,Optical Density,,2021-08-25 22:04:42.075013+00:00,hours,,0.0
146863,Combinatorial media for flaviolin DBTL0.1,"<p>Samples of 1500uL volume were cultured in an mp2flower plate in the biolector, at 85% humidity, shaking speed 800rpm.&nbsp;</p>",TRadivojevic@lbl.gov,146881,C0.1_WF3_biomek-R18,"MOPS: 40.0000, Tricine: 4.0000, H3BO3: 0.0040, Glucose: 20.0000, K2SO4: 0.2900, K2HPO4: 1.3200, FeSO4: 0.0100, NH4Cl: 9.5200, MgCl2: 0.5200, NaCl: 50.0000, (NH4)6Mo7O24: 0.0000, CoCl2: 0.0003, CuSO4: 0.0001, MnSO4: 0.0008, ZnSO4: 0.0001",F,,,,,15,30,MOPS,146912,OD340,146978,C0.1_WF3_biomek-R18,Optical Density,,2021-08-25 22:04:42.085183+00:00,hours,,0.0
146863,Combinatorial media for flaviolin DBTL0.1,"<p>Samples of 1500uL volume were cultured in an mp2flower plate in the biolector, at 85% humidity, shaking speed 800rpm.&nbsp;</p>",TRadivojevic@lbl.gov,146882,C0.1_WA4_biomek-R19,"MOPS: 40.0000, Tricine: 4.0000, H3BO3: 0.0040, Glucose: 20.0000, K2SO4: 0.2900, K2HPO4: 1.3200, FeSO4: 0.0100, NH4Cl: 9.5200, MgCl2: 0.5200, NaCl: 50.0000, (NH4)6Mo7O24: 0.0000, CoCl2: 0.0003, CuSO4: 0.0001, MnSO4: 0.0008, ZnSO4: 0.0001",F,,,,,15,30,MOPS,146912,OD340,146979,C0.1_WA4_biomek-R19,Optical Density,,2021-08-25 22:04:42.095387+00:00,hours,,0.715
146863,Combinatorial media for flaviolin DBTL0.1,"<p>Samples of 1500uL volume were cultured in an mp2flower plate in the biolector, at 85% humidity, shaking speed 800rpm.&nbsp;</p>",TRadivojevic@lbl.gov,146883,C0.1_WB4_biomek-R20,"MOPS: 40.0000, Tricine: 4.0000, H3BO3: 0.0040, Glucose: 20.0000, K2SO4: 0.2900, K2HPO4: 1.3200, FeSO4: 0.0100, NH4Cl: 9.5200, MgCl2: 0.5200, NaCl: 50.0000, (NH4)6Mo7O24: 0.0000, CoCl2: 0.0003, CuSO4: 0.0001, MnSO4: 0.0008, ZnSO4: 0.0001",F,,,,,15,30,MOPS,146912,OD340,146980,C0.1_WB4_biomek-R20,Optical Density,,2021-08-25 22:04:42.105454+00:00,hours,,0.0
146863,Combinatorial media for flaviolin DBTL0.1,"<p>Samples of 1500uL volume were cultured in an mp2flower plate in the biolector, at 85% humidity, shaking speed 800rpm.&nbsp;</p>",TRadivojevic@lbl.gov,146884,C0.1_WC4_biomek-R21,"MOPS: 40.0000, Tricine: 4.0000, H3BO3: 0.0040, Glucose: 20.0000, K2SO4: 0.2900, K2HPO4: 1.3200, FeSO4: 0.0100, NH4Cl: 9.5200, MgCl2: 0.5200, NaCl: 50.0000, (NH4)6Mo7O24: 0.0000, CoCl2: 0.0003, CuSO4: 0.0001, MnSO4: 0.0008, ZnSO4: 0.0001",F,,,,,15,30,MOPS,146912,OD340,146981,C0.1_WC4_biomek-R21,Optical Density,,2021-08-25 22:04:42.115695+00:00,hours,,0.0
146863,Combinatorial media for flaviolin DBTL0.1,"<p>Samples of 1500uL volume were cultured in an mp2flower plate in the biolector, at 85% humidity, shaking speed 800rpm.&nbsp;</p>",TRadivojevic@lbl.gov,146885,C0.1_WD4_biomek-R22,"MOPS: 40.0000, Tricine: 4.0000, H3BO3: 0.0040, Glucose: 20.0000, K2SO4: 0.2900, K2HPO4: 1.3200, FeSO4: 0.0100, NH4Cl: 9.5200, MgCl2: 0.5200, NaCl: 50.0000, (NH4)6Mo7O24: 0.0000, CoCl2: 0.0003, CuSO4: 0.0001, MnSO4: 0.0008, ZnSO4: 0.0001",F,,,,,15,30,MOPS,146912,OD340,146982,C0.1_WD4_biomek-R22,Optical Density,,2021-08-25 22:04:42.125768+00:00,hours,,0.0
146863,Combinatorial media for flaviolin DBTL0.1,"<p>Samples of 1500uL volume were cultured in an mp2flower plate in the biolector, at 85% humidity, shaking speed 800rpm.&nbsp;</p>",TRadivojevic@lbl.gov,146886,C0.1_WE4_biomek-R23,"MOPS: 40.0000, Tricine: 4.0000, H3BO3: 0.0040, Glucose: 20.0000, K2SO4: 0.2900, K2HPO4: 1.3200, FeSO4: 0.0100, NH4Cl: 9.5200, MgCl2: 0.5200, NaCl: 50.0000, (NH4)6Mo7O24: 0.0000, CoCl2: 0.0003, CuSO4: 0.0001, MnSO4: 0.0008, ZnSO4: 0.0001",F,,,,,15,30,MOPS,146912,OD340,146983,C0.1_WE4_biomek-R23,Optical Density,,2021-08-25 22:04:42.135928+00:00,hours,,0.0
146863,Combinatorial media for flaviolin DBTL0.1,"<p>Samples of 1500uL volume were cultured in an mp2flower plate in the biolector, at 85% humidity, shaking speed 800rpm.&nbsp;</p>",TRadivojevic@lbl.gov,146887,C0.1_WF4_biomek-R24,"MOPS: 40.0000, Tricine: 4.0000, H3BO3: 0.0040, Glucose: 20.0000, K2SO4: 0.2900, K2HPO4: 1.3200, FeSO4: 0.0100, NH4Cl: 9.5200, MgCl2: 0.5200, NaCl: 50.0000, (NH4)6Mo7O24: 0.0000, CoCl2: 0.0003, CuSO4: 0.0001, MnSO4: 0.0008, ZnSO4: 0.0001",F,,,,,15,30,MOPS,146912,OD340,146984,C0.1_WF4_biomek-R24,Optical Density,,2021-08-25 22:04:42.146017+00:00,hours,,0.0
146863,Combinatorial media for flaviolin DBTL0.1,"<p>Samples of 1500uL volume were cultured in an mp2flower plate in the biolector, at 85% humidity, shaking speed 800rpm.&nbsp;</p>",TRadivojevic@lbl.gov,146888,C0.1_WA5_manual-R1,"MOPS: 40.0000, Tricine: 4.0000, H3BO3: 0.0040, Glucose: 20.0000, K2SO4: 0.2900, K2HPO4: 1.3200, FeSO4: 0.0100, NH4Cl: 9.5200, MgCl2: 0.5200, NaCl: 50.0000, (NH4)6Mo7O24: 0.0000, CoCl2: 0.0003, CuSO4: 0.0001, MnSO4: 0.0008, ZnSO4: 0.0001",F,,,,,15,30,MOPS,146912,OD340,146985,C0.1_WA5_manual-R1,Optical Density,,2021-08-25 22:04:42.156723+00:00,hours,,0.61
146863,Combinatorial media for flaviolin DBTL0.1,"<p>Samples of 1500uL volume were cultured in an mp2flower plate in the biolector, at 85% humidity, shaking speed 800rpm.&nbsp;</p>",TRadivojevic@lbl.gov,146889,C0.1_WB5_manual-R2,"MOPS: 40.0000, Tricine: 4.0000, H3BO3: 0.0040, Glucose: 20.0000, K2SO4: 0.2900, K2HPO4: 1.3200, FeSO4: 0.0100, NH4Cl: 9.5200, MgCl2: 0.5200, NaCl: 50.0000, (NH4)6Mo7O24: 0.0000, CoCl2: 0.0003, CuSO4: 0.0001, MnSO4: 0.0008, ZnSO4: 0.0001",F,,,,,15,30,MOPS,146912,OD340,146986,C0.1_WB5_manual-R2,Optical Density,,2021-08-25 22:04:42.166572+00:00,hours,,0.734
146863,Combinatorial media for flaviolin DBTL0.1,"<p>Samples of 1500uL volume were cultured in an mp2flower plate in the biolector, at 85% humidity, shaking speed 800rpm.&nbsp;</p>",TRadivojevic@lbl.gov,146890,C0.1_WC5_manual-R3,"MOPS: 40.0000, Tricine: 4.0000, H3BO3: 0.0040, Glucose: 20.0000, K2SO4: 0.2900, K2HPO4: 1.3200, FeSO4: 0.0100, NH4Cl: 9.5200, MgCl2: 0.5200, NaCl: 50.0000, (NH4)6Mo7O24: 0.0000, CoCl2: 0.0003, CuSO4: 0.0001, MnSO4: 0.0008, ZnSO4: 0.0001",F,,,,,15,30,MOPS,146912,OD340,146987,C0.1_WC5_manual-R3,Optical Density,,2021-08-25 22:04:42.176504+00:00,hours,,0.667
146863,Combinatorial media for flaviolin DBTL0.1,"<p>Samples of 1500uL volume were cultured in an mp2flower plate in the biolector, at 85% humidity, shaking speed 800rpm.&nbsp;</p>",TRadivojevic@lbl.gov,146891,C0.1_WD5_manual-R4,"MOPS: 40.0000, Tricine: 4.0000, H3BO3: 0.0040, Glucose: 20.0000, K2SO4: 0.2900, K2HPO4: 1.3200, FeSO4: 0.0100, NH4Cl: 9.5200, MgCl2: 0.5200, NaCl: 50.0000, (NH4)6Mo7O24: 0.0000, CoCl2: 0.0003, CuSO4: 0.0001, MnSO4: 0.0008, ZnSO4: 0.0001",F,,,,,15,30,MOPS,146912,OD340,146988,C0.1_WD5_manual-R4,Optical Density,,2021-08-25 22:04:42.186322+00:00,hours,,0.438
146863,Combinatorial media for flaviolin DBTL0.1,"<p>Samples of 1500uL volume were cultured in an mp2flower plate in the biolector, at 85% humidity, shaking speed 800rpm.&nbsp;</p>",TRadivojevic@lbl.gov,146892,C0.1_WE5_manual-R5,"MOPS: 40.0000, Tricine: 4.0000, H3BO3: 0.0040, Glucose: 20.0000, K2SO4: 0.2900, K2HPO4: 1.3200, FeSO4: 0.0100, NH4Cl: 9.5200, MgCl2: 0.5200, NaCl: 50.0000, (NH4)6Mo7O24: 0.0000, CoCl2: 0.0003, CuSO4: 0.0001, MnSO4: 0.0008, ZnSO4: 0.0001",F,,,,,15,30,MOPS,146912,OD340,146989,C0.1_WE5_manual-R5,Optical Density,,2021-08-25 22:04:42.196393+00:00,hours,,0.191
146863,Combinatorial media for flaviolin DBTL0.1,"<p>Samples of 1500uL volume were cultured in an mp2flower plate in the biolector, at 85% humidity, shaking speed 800rpm.&nbsp;</p>",TRadivojevic@lbl.gov,146893,C0.1_WF5_manual-R6,"MOPS: 40.0000, Tricine: 4.0000, H3BO3: 0.0040, Glucose: 20.0000, K2SO4: 0.2900, K2HPO4: 1.3200, FeSO4: 0.0100, NH4Cl: 9.5200, MgCl2: 0.5200, NaCl: 50.0000, (NH4)6Mo7O24: 0.0000, CoCl2: 0.0003, CuSO4: 0.0001, MnSO4: 0.0008, ZnSO4: 0.0001",F,,,,,15,30,MOPS,146912,OD340,146990,C0.1_WF5_manual-R6,Optical Density,,2021-08-25 22:04:42.206760+00:00,hours,,0.344
146863,Combinatorial media for flaviolin DBTL0.1,"<p>Samples of 1500uL volume were cultured in an mp2flower plate in the biolector, at 85% humidity, shaking speed 800rpm.&nbsp;</p>",TRadivojevic@lbl.gov,146894,C0.1_WA6_manual-R7,"MOPS: 40.0000, Tricine: 4.0000, H3BO3: 0.0040, Glucose: 20.0000, K2SO4: 0.2900, K2HPO4: 1.3200, FeSO4: 0.0100, NH4Cl: 9.5200, MgCl2: 0.5200, NaCl: 50.0000, (NH4)6Mo7O24: 0.0000, CoCl2: 0.0003, CuSO4: 0.0001, MnSO4: 0.0008, ZnSO4: 0.0001",F,,,,,15,30,MOPS,146912,OD340,146991,C0.1_WA6_manual-R7,Optical Density,,2021-08-25 22:04:42.216660+00:00,hours,,0.557
146863,Combinatorial media for flaviolin DBTL0.1,"<p>Samples of 1500uL volume were cultured in an mp2flower plate in the biolector, at 85% humidity, shaking speed 800rpm.&nbsp;</p>",TRadivojevic@lbl.gov,146895,C0.1_WB6_manual-R8,"MOPS: 40.0000, Tricine: 4.0000, H3BO3: 0.0040, Glucose: 20.0000, K2SO4: 0.2900, K2HPO4: 1.3200, FeSO4: 0.0100, NH4Cl: 9.5200, MgCl2: 0.5200, NaCl: 50.0000, (NH4)6Mo7O24: 0.0000, CoCl2: 0.0003, CuSO4: 0.0001, MnSO4: 0.0008, ZnSO4: 0.0001",F,,,,,15,30,MOPS,146912,OD340,146992,C0.1_WB6_manual-R8,Optical Density,,2021-08-25 22:04:42.226454+00:00,hours,,0.648
146863,Combinatorial media for flaviolin DBTL0.1,"<p>Samples of 1500uL volume were cultured in an mp2flower plate in the biolector, at 85% humidity, shaking speed 800rpm.&nbsp;</p>",TRadivojevic@lbl.gov,146896,C0.1_WC6_manual-R9,"MOPS: 40.0000, Tricine: 4.0000, H3BO3: 0.0040, Glucose: 20.0000, K2SO4: 0.2900, K2HPO4: 1.3200, FeSO4: 0.0100, NH4Cl: 9.5200, MgCl2: 0.5200, NaCl: 50.0000, (NH4)6Mo7O24: 0.0000, CoCl2: 0.0003, CuSO4: 0.0001, MnSO4: 0.0008, ZnSO4: 0.0001",F,,,,,15,30,MOPS,146912,OD340,146993,C0.1_WC6_manual-R9,Optical Density,,2021-08-25 22:04:42.236415+00:00,hours,,0.69
146863,Combinatorial media for flaviolin DBTL0.1,"<p>Samples of 1500uL volume were cultured in an mp2flower plate in the biolector, at 85% humidity, shaking speed 800rpm.&nbsp;</p>",TRadivojevic@lbl.gov,146897,C0.1_WD6_manual-R10,"MOPS: 40.0000, Tricine: 4.0000, H3BO3: 0.0040, Glucose: 20.0000, K2SO4: 0.2900, K2HPO4: 1.3200, FeSO4: 0.0100, NH4Cl: 9.5200, MgCl2: 0.5200, NaCl: 50.0000, (NH4)6Mo7O24: 0.0000, CoCl2: 0.0003, CuSO4: 0.0001, MnSO4: 0.0008, ZnSO4: 0.0001",F,,,,,15,30,MOPS,146912,OD340,146994,C0.1_WD6_manual-R10,Optical Density,,2021-08-25 22:04:42.246185+00:00,hours,,0.564
146863,Combinatorial media for flaviolin DBTL0.1,"<p>Samples of 1500uL volume were cultured in an mp2flower plate in the biolector, at 85% humidity, shaking speed 800rpm.&nbsp;</p>",TRadivojevic@lbl.gov,146898,C0.1_WE6_manual-R11,"MOPS: 40.0000, Tricine: 4.0000, H3BO3: 0.0040, Glucose: 20.0000, K2SO4: 0.2900, K2HPO4: 1.3200, FeSO4: 0.0100, NH4Cl: 9.5200, MgCl2: 0.5200, NaCl: 50.0000, (NH4)6Mo7O24: 0.0000, CoCl2: 0.0003, CuSO4: 0.0001, MnSO4: 0.0008, ZnSO4: 0.0001",F,,,,,15,30,MOPS,146912,OD340,146995,C0.1_WE6_manual-R11,Optical Density,,2021-08-25 22:04:42.255996+00:00,hours,,0.218
146863,Combinatorial media for flaviolin DBTL0.1,"<p>Samples of 1500uL volume were cultured in an mp2flower plate in the biolector, at 85% humidity, shaking speed 800rpm.&nbsp;</p>",TRadivojevic@lbl.gov,146899,C0.1_WF6_manual-R12,"MOPS: 40.0000, Tricine: 4.0000, H3BO3: 0.0040, Glucose: 20.0000, K2SO4: 0.2900, K2HPO4: 1.3200, FeSO4: 0.0100, NH4Cl: 9.5200, MgCl2: 0.5200, NaCl: 50.0000, (NH4)6Mo7O24: 0.0000, CoCl2: 0.0003, CuSO4: 0.0001, MnSO4: 0.0008, ZnSO4: 0.0001",F,,,,,15,30,MOPS,146912,OD340,146996,C0.1_WF6_manual-R12,Optical Density,,2021-08-25 22:04:42.266426+00:00,hours,,0.407
146863,Combinatorial media for flaviolin DBTL0.1,"<p>Samples of 1500uL volume were cultured in an mp2flower plate in the biolector, at 85% humidity, shaking speed 800rpm.&nbsp;</p>",TRadivojevic@lbl.gov,146900,C0.1_WA7_manual-R13,"MOPS: 40.0000, Tricine: 4.0000, H3BO3: 0.0040, Glucose: 20.0000, K2SO4: 0.2900, K2HPO4: 1.3200, FeSO4: 0.0100, NH4Cl: 9.5200, MgCl2: 0.5200, NaCl: 50.0000, (NH4)6Mo7O24: 0.0000, CoCl2: 0.0003, CuSO4: 0.0001, MnSO4: 0.0008, ZnSO4: 0.0001",F,,,,,15,30,MOPS,146912,OD340,146997,C0.1_WA7_manual-R13,Optical Density,,2021-08-25 22:04:42.276421+00:00,hours,,0.692
146863,Combinatorial media for flaviolin DBTL0.1,"<p>Samples of 1500uL volume were cultured in an mp2flower plate in the biolector, at 85% humidity, shaking speed 800rpm.&nbsp;</p>",TRadivojevic@lbl.gov,146901,C0.1_WB7_manual-R14,"MOPS: 40.0000, Tricine: 4.0000, H3BO3: 0.0040, Glucose: 20.0000, K2SO4: 0.2900, K2HPO4: 1.3200, FeSO4: 0.0100, NH4Cl: 9.5200, MgCl2: 0.5200, NaCl: 50.0000, (NH4)6Mo7O24: 0.0000, CoCl2: 0.0003, CuSO4: 0.0001, MnSO4: 0.0008, ZnSO4: 0.0001",F,,,,,15,30,MOPS,146912,OD340,146998,C0.1_WB7_manual-R14,Optical Density,,2021-08-25 22:04:42.286108+00:00,hours,,0.69
146863,Combinatorial media for flaviolin DBTL0.1,"<p>Samples of 1500uL volume were cultured in an mp2flower plate in the biolector, at 85% humidity, shaking speed 800rpm.&nbsp;</p>",TRadivojevic@lbl.gov,146902,C0.1_WC7_manual-R15,"MOPS: 40.0000, Tricine: 4.0000, H3BO3: 0.0040, Glucose: 20.0000, K2SO4: 0.2900, K2HPO4: 1.3200, FeSO4: 0.0100, NH4Cl: 9.5200, MgCl2: 0.5200, NaCl: 50.0000, (NH4)6Mo7O24: 0.0000, CoCl2: 0.0003, CuSO4: 0.0001, MnSO4: 0.0008, ZnSO4: 0.0001",F,,,,,15,30,MOPS,146912,OD340,146999,C0.1_WC7_manual-R15,Optical Density,,2021-08-25 22:04:42.295639+00:00,hours,,0.728
146863,Combinatorial media for flaviolin DBTL0.1,"<p>Samples of 1500uL volume were cultured in an mp2flower plate in the biolector, at 85% humidity, shaking speed 800rpm.&nbsp;</p>",TRadivojevic@lbl.gov,146903,C0.1_WD7_manual-R16,"MOPS: 40.0000, Tricine: 4.0000, H3BO3: 0.0040, Glucose: 20.0000, K2SO4: 0.2900, K2HPO4: 1.3200, FeSO4: 0.0100, NH4Cl: 9.5200, MgCl2: 0.5200, NaCl: 50.0000, (NH4)6Mo7O24: 0.0000, CoCl2: 0.0003, CuSO4: 0.0001, MnSO4: 0.0008, ZnSO4: 0.0001",F,,,,,15,30,MOPS,146912,OD340,147000,C0.1_WD7_manual-R16,Optical Density,,2021-08-25 22:04:42.305587+00:00,hours,,0.625
146863,Combinatorial media for flaviolin DBTL0.1,"<p>Samples of 1500uL volume were cultured in an mp2flower plate in the biolector, at 85% humidity, shaking speed 800rpm.&nbsp;</p>",TRadivojevic@lbl.gov,146904,C0.1_WE7_manual-R17,"MOPS: 40.0000, Tricine: 4.0000, H3BO3: 0.0040, Glucose: 20.0000, K2SO4: 0.2900, K2HPO4: 1.3200, FeSO4: 0.0100, NH4Cl: 9.5200, MgCl2: 0.5200, NaCl: 50.0000, (NH4)6Mo7O24: 0.0000, CoCl2: 0.0003, CuSO4: 0.0001, MnSO4: 0.0008, ZnSO4: 0.0001",F,,,,,15,30,MOPS,146912,OD340,147001,C0.1_WE7_manual-R17,Optical Density,,2021-08-25 22:04:42.315502+00:00,hours,,0.235
146863,Combinatorial media for flaviolin DBTL0.1,"<p>Samples of 1500uL volume were cultured in an mp2flower plate in the biolector, at 85% humidity, shaking speed 800rpm.&nbsp;</p>",TRadivojevic@lbl.gov,146905,C0.1_WF7_manual-R18,"MOPS: 40.0000, Tricine: 4.0000, H3BO3: 0.0040, Glucose: 20.0000, K2SO4: 0.2900, K2HPO4: 1.3200, FeSO4: 0.0100, NH4Cl: 9.5200, MgCl2: 0.5200, NaCl: 50.0000, (NH4)6Mo7O24: 0.0000, CoCl2: 0.0003, CuSO4: 0.0001, MnSO4: 0.0008, ZnSO4: 0.0001",F,,,,,15,30,MOPS,146912,OD340,147002,C0.1_WF7_manual-R18,Optical Density,,2021-08-25 22:04:42.325707+00:00,hours,,0.407
146863,Combinatorial media for flaviolin DBTL0.1,"<p>Samples of 1500uL volume were cultured in an mp2flower plate in the biolector, at 85% humidity, shaking speed 800rpm.&nbsp;</p>",TRadivojevic@lbl.gov,146906,C0.1_WA8_manual-R19,"MOPS: 40.0000, Tricine: 4.0000, H3BO3: 0.0040, Glucose: 20.0000, K2SO4: 0.2900, K2HPO4: 1.3200, FeSO4: 0.0100, NH4Cl: 9.5200, MgCl2: 0.5200, NaCl: 50.0000, (NH4)6Mo7O24: 0.0000, CoCl2: 0.0003, CuSO4: 0.0001, MnSO4: 0.0008, ZnSO4: 0.0001",F,,,,,15,30,MOPS,146912,OD340,147003,C0.1_WA8_manual-R19,Optical Density,,2021-08-25 22:04:42.335626+00:00,hours,,0.636
146863,Combinatorial media for flaviolin DBTL0.1,"<p>Samples of 1500uL volume were cultured in an mp2flower plate in the biolector, at 85% humidity, shaking speed 800rpm.&nbsp;</p>",TRadivojevic@lbl.gov,146907,C0.1_WB8_manual-R20,"MOPS: 40.0000, Tricine: 4.0000, H3BO3: 0.0040, Glucose: 20.0000, K2SO4: 0.2900, K2HPO4: 1.3200, FeSO4: 0.0100, NH4Cl: 9.5200, MgCl2: 0.5200, NaCl: 50.0000, (NH4)6Mo7O24: 0.0000, CoCl2: 0.0003, CuSO4: 0.0001, MnSO4: 0.0008, ZnSO4: 0.0001",F,,,,,15,30,MOPS,146912,OD340,147004,C0.1_WB8_manual-R20,Optical Density,,2021-08-25 22:04:42.346084+00:00,hours,,0.604
146863,Combinatorial media for flaviolin DBTL0.1,"<p>Samples of 1500uL volume were cultured in an mp2flower plate in the biolector, at 85% humidity, shaking speed 800rpm.&nbsp;</p>",TRadivojevic@lbl.gov,146908,C0.1_WC8_manual-R21,"MOPS: 40.0000, Tricine: 4.0000, H3BO3: 0.0040, Glucose: 20.0000, K2SO4: 0.2900, K2HPO4: 1.3200, FeSO4: 0.0100, NH4Cl: 9.5200, MgCl2: 0.5200, NaCl: 50.0000, (NH4)6Mo7O24: 0.0000, CoCl2: 0.0003, CuSO4: 0.0001, MnSO4: 0.0008, ZnSO4: 0.0001",F,,,,,15,30,MOPS,146912,OD340,147005,C0.1_WC8_manual-R21,Optical Density,,2021-08-25 22:04:42.355837+00:00,hours,,0.709
146863,Combinatorial media for flaviolin DBTL0.1,"<p>Samples of 1500uL volume were cultured in an mp2flower plate in the biolector, at 85% humidity, shaking speed 800rpm.&nbsp;</p>",TRadivojevic@lbl.gov,146909,C0.1_WD8_manual-R22,"MOPS: 40.0000, Tricine: 4.0000, H3BO3: 0.0040, Glucose: 20.0000, K2SO4: 0.2900, K2HPO4: 1.3200, FeSO4: 0.0100, NH4Cl: 9.5200, MgCl2: 0.5200, NaCl: 50.0000, (NH4)6Mo7O24: 0.0000, CoCl2: 0.0003, CuSO4: 0.0001, MnSO4: 0.0008, ZnSO4: 0.0001",F,,,,,15,30,MOPS,146912,OD340,147006,C0.1_WD8_manual-R22,Optical Density,,2021-08-25 22:04:42.365941+00:00,hours,,0.639
146863,Combinatorial media for flaviolin DBTL0.1,"<p>Samples of 1500uL volume were cultured in an mp2flower plate in the biolector, at 85% humidity, shaking speed 800rpm.&nbsp;</p>",TRadivojevic@lbl.gov,146910,C0.1_WE8_manual-R23,"MOPS: 40.0000, Tricine: 4.0000, H3BO3: 0.0040, Glucose: 20.0000, K2SO4: 0.2900, K2HPO4: 1.3200, FeSO4: 0.0100, NH4Cl: 9.5200, MgCl2: 0.5200, NaCl: 50.0000, (NH4)6Mo7O24: 0.0000, CoCl2: 0.0003, CuSO4: 0.0001, MnSO4: 0.0008, ZnSO4: 0.0001",F,,,,,15,30,MOPS,146912,OD340,147007,C0.1_WE8_manual-R23,Optical Density,,2021-08-25 22:04:42.375933+00:00,hours,,0.241
146863,Combinatorial media for flaviolin DBTL0.1,"<p>Samples of 1500uL volume were cultured in an mp2flower plate in the biolector, at 85% humidity, shaking speed 800rpm.&nbsp;</p>",TRadivojevic@lbl.gov,146911,C0.1_WF8_manual-R24,"MOPS: 40.0000, Tricine: 4.0000, H3BO3: 0.0040, Glucose: 20.0000, K2SO4: 0.2900, K2HPO4: 1.3200, FeSO4: 0.0100, NH4Cl: 9.5200, MgCl2: 0.5200, NaCl: 50.0000, (NH4)6Mo7O24: 0.0000, CoCl2: 0.0003, CuSO4: 0.0001, MnSO4: 0.0008, ZnSO4: 0.0001",F,,,,,15,30,MOPS,146912,OD340,147008,C0.1_WF8_manual-R24,Optical Density,,2021-08-25 22:04:42.385943+00:00,hours,,0.42

